s1, s2, s3, s4, s5, s6, s7, s8, s9, s10, s11, s12
25500,26308,31728,33587,31920,25935,32766,30665,35052,31618,26859,30942
25504,26309,31732,33584,31921,25930,32760,30679,35047,31636,26871,30939
25503,26310,31739,33585,31915,25935,32752,30671,35047,31639,26887,30941
25490,26304,31744,33583,31911,25943,32760,30674,35047,31641,26894,30950
25513,26316,31747,33596,31916,25936,32771,30684,35048,31646,26900,30942
25514,26318,31750,33587,31921,25942,32769,30696,35047,31646,26911,30952
25527,26314,31753,33592,31919,25945,32774,30775,34983,31673,26892,30934
25552,26336,31801,33572,31898,25990,32807,30957,34978,31708,26810,30846
25566,26333,31793,33562,31896,26005,33041,31538,34919,31780,26861,30671
25576,26342,31934,33562,31915,26027,33133,31817,34886,31834,26880,30665
25554,26359,31970,33524,31919,26016,33136,31907,34872,31841,26850,30654
25516,26349,31976,33518,31919,26010,33115,31928,34881,31794,26870,30667
25505,26320,31883,33522,31927,25980,33060,31447,35071,31678,26864,30713
25462,26295,31826,33512,31927,25941,32998,31042,35156,31605,26908,30844
25352,26283,31779,33503,31916,25889,32878,30403,35444,31371,26885,30930
24908,26278,31795,33517,31877,25834,32739,30244,35732,31177,26889,30978
24750,26265,31763,33468,31835,25779,32633,30103,35783,31122,26890,30966
24725,26271,31737,33449,31822,25722,32501,29832,35841,31097,26874,30945
24689,26275,31723,33440,31810,25707,32457,29691,36028,31055,26871,30937
24667,26254,31680,33434,31781,25706,32425,29695,36242,30981,26858,30949
24655,26245,31637,33430,31770,25649,32389,29603,36667,30844,26766,31007
24599,26216,31618,33413,31748,25572,32363,29536,36561,30731,26709,31046
24571,26209,31640,33405,31742,25559,32359,29546,36562,30712,26678,31104
24583,26214,31655,33422,31736,25566,32354,29541,36596,30706,26740,31127
24621,26231,31720,33444,31741,25586,32352,29570,36603,30719,26766,31146
24668,26245,31788,33455,31731,25605,32370,29561,36594,30756,26793,31149
24764,26296,31805,33452,31739,25625,32353,29536,36439,30803,26811,31138
24755,26252,31799,33439,31733,25633,32346,29525,36304,30797,26814,31123
24774,26254,31819,33443,31735,25633,32350,29522,36228,30833,26834,31118
24780,26253,31837,33434,31735,25640,32342,29504,36113,30864,26850,31104
24859,26264,31876,33443,31737,25649,32350,29407,36073,30883,26882,31085
24920,26258,31881,33440,31741,25653,32354,29396,35971,30903,26901,31059
24930,26255,31881,33420,31745,25626,32328,29366,35949,30913,26915,31042
24921,26257,31860,33415,31748,25620,32312,29324,35938,30919,26918,31028
24922,26249,31862,33416,31753,25621,32308,29305,35950,30934,26937,31023
24924,26245,31859,33418,31765,25612,32303,29284,35954,30949,26959,31001
24942,26243,31829,33409,31769,25608,32279,29260,35942,30941,26965,30986
24949,26243,31827,33410,31765,25605,32280,29228,35975,30934,26960,30991
24945,26243,31791,33387,31769,25577,32264,29185,36066,30885,26926,31007
24942,26257,31744,33403,31785,25532,32239,29164,36170,30854,26926,30995
24917,26272,31730,33414,31798,25508,32227,29106,36535,30776,26911,31006
24912,26271,31746,33435,31781,25465,32199,29159,36737,30709,26895,31032
24881,26278,31724,33471,31782,25439,32202,29235,36763,30689,26877,31032
24860,26287,31715,33476,31779,25438,32185,29220,36780,30671,26908,31042
24857,26279,31717,33476,31779,25445,32179,29262,36807,30660,26910,31045
24859,26275,31707,33477,31757,25435,32178,29275,36831,30650,26894,31048
24849,26274,31710,33478,31761,25443,32124,29283,36848,30604,26875,31080
24852,26275,31715,33481,31755,25433,32108,29261,36868,30573,26886,31090
24853,26280,31700,33484,31747,25441,32108,29246,36880,30566,26882,31096
24841,26281,31666,33485,31746,25435,32112,29195,36860,30455,26765,31253
24599,26395,31580,33649,31796,25192,32234,29179,36715,30127,26108,31416
25126,26722,31685,34207,31881,24926,32185,28132,36645,30020,25719,31845
25222,27045,32208,34515,31818,25032,32445,26061,36562,29866,24195,32282
25073,27278,32960,34742,31874,25179,32483,25568,36349,29715,24326,32345
25008,27391,32690,34782,31894,25201,32366,25442,36098,29822,24322,32154
25070,27595,32876,35067,32036,25173,32471,25049,35661,29672,23470,32175
25173,27887,33156,35404,32126,25198,32612,24789,35812,29834,23450,32279
25278,27982,33257,35620,32413,25206,32602,24755,35899,29801,23732,32329
25301,28035,33311,35644,32327,25234,32773,24733,35704,29894,23622,32315
25272,28015,33432,35521,32308,25196,32700,23744,35023,30064,23455,32237
25376,27070,32316,34705,31872,25055,32399,23505,35015,30549,23886,30970
25593,26817,32060,34240,31807,25300,32609,30483,35187,31351,25426,30408
26150,26394,32237,33530,31581,25605,33178,32443,34765,31521,25861,30097
26369,26635,33494,33462,31455,25782,33472,33881,35037,31696,26141,29995
26386,26669,33520,33412,31509,25987,33680,35202,35250,31675,26125,29974
25991,26728,33399,33311,31524,26176,33715,35593,35408,31674,26203,30003
25412,26838,33352,33139,31466,26290,33726,35940,35518,31658,26640,30210
25152,26859,33200,32946,31168,26380,33698,36700,35720,31514,26713,30155
25542,26852,32815,32715,31061,26512,33736,37131,35826,31486,26670,30153
25468,26792,32515,32760,31088,26536,33689,37250,36018,31440,26701,30407
25486,26665,32295,32958,31170,26459,33991,37138,35559,31213,26381,30978
24543,25921,31809,33485,31770,25554,34482,29110,35820,30460,24014,31881
25426,27073,33085,34095,32048,25301,34627,25877,36707,30807,20961,33889
25973,27251,33301,34906,31729,25771,34270,24934,36948,30463,24144,33644
25652,27472,33025,35152,32095,25679,33674,24602,36415,30315,24831,33392
25499,27503,32937,35250,32366,25653,33316,24572,35779,30061,25054,32906
25505,27498,33146,35486,32411,25434,32666,23963,35871,29892,25221,32488
25321,27519,33651,35729,32055,25437,32664,23767,35806,29963,25111,32389
25515,27572,33697,35869,32341,25419,32688,23543,35350,29865,25240,31874
25875,27445,34394,35525,32014,25430,32915,23342,33776,30680,24895,30650
25328,26390,31515,33680,32470,25518,32799,21680,33560,31782,26750,30188
25966,26365,32290,33845,30825,25693,32787,29545,34026,31889,28403,29966
25865,26354,32399,33450,31721,26165,33239,33476,34671,32069,24656,29807
26129,26550,34594,33492,31707,26429,33583,32029,35039,31895,24348,29663
26069,26596,34883,33472,31587,26512,33829,32947,35182,31882,23861,29720
26142,26640,34672,33489,31668,26690,33927,33202,35395,31893,24488,29756
26220,26770,34061,33271,31496,26832,33873,33439,35570,31901,25061,29758
26221,26781,33779,33097,31391,26934,33777,34319,35852,31769,25765,29921
26016,26755,33041,32930,31275,27093,33679,34614,36095,31603,25790,30096
25300,26455,32312,33146,31510,26821,33806,33450,35876,31483,25404,30596
24957,26092,31997,33393,31673,26355,34116,28474,37225,30390,22673,32222
25387,26961,31752,34400,31738,25653,34362,25264,35959,32800,21504,32932
25196,27465,32185,34828,32186,25839,34778,25673,35866,31681,22475,33676
25421,27689,32296,34920,32236,25836,33983,25111,35183,30730,24280,32872
25465,27883,32615,35222,32448,25685,33409,24152,34970,30391,24083,32615
25482,27905,32914,35390,31976,25687,33305,24328,34969,30378,24350,32340
25166,28097,32855,35734,33203,25680,32831,22847,35177,30325,23949,31802
25405,28040,32782,35752,32018,25717,33642,23865,34051,30527,23759,31760
25393,27172,33852,34152,32284,25603,33241,22550,33732,31172,24060,30069
25935,26752,32783,34538,30870,25651,32524,22510,36127,31383,23884,30144
26142,26290,32359,33480,31804,26214,33074,28280,35240,31845,24335,29606
26288,26378,32981,33457,31468,26348,33745,32927,34664,32109,24004,29770
26370,26453,33122,33318,31656,26742,34015,34144,35352,32163,23918,29798
26235,26527,33030,33197,31532,26846,34159,35497,35430,32151,23829,29819
25240,26652,32756,32979,31474,26933,34207,36096,35581,32133,24075,30129
25425,26664,32504,32795,31192,26986,34076,37064,35902,32105,24911,30255
26285,26627,32016,32854,30969,26940,33980,37531,36244,32072,25150,30283
25440,26420,31805,32964,30934,26786,34140,37572,36452,31823,25406,30575
24918,26016,31803,32940,31551,26135,34621,30795,36149,30620,22725,32510
25382,26069,32528,33700,31304,25833,34025,25587,37186,30882,21566,33189
26646,26985,33483,34319,31105,25979,34431,25585,35446,32887,22881,33935
25885,27134,33380,34573,32129,25835,33801,25187,35413,31338,24595,33164
25022,27224,33182,35322,32752,25380,33220,24875,35449,30865,24890,32612
25027,27349,33329,35523,32336,25371,33382,25176,35075,30779,26680,32486
25684,27471,33161,35644,32784,25342,33199,24430,34704,30586,24546,32341
25942,27596,33292,35558,32963,25393,33115,25076,34696,30355,24282,32362
25343,26885,34035,35250,32609,25263,33800,23345,33148,31377,23425,30369
25592,26516,32898,34119,31589,25582,31984,24005,37004,31421,24499,29952
25838,26051,32410,33421,31936,26218,32912,34251,35704,32207,25075,29885
25896,26224,33880,33208,31575,26400,33744,33956,35003,32321,24600,29936
25887,26247,33993,33291,31744,26656,33944,33827,35475,32160,24257,29915
25940,26313,34056,33154,31702,26932,34144,34775,35620,32150,24260,29960
26159,26369,34038,32985,31554,26984,34150,35818,35843,32117,24675,30191
26209,26416,33624,32886,31358,26978,34134,36671,36018,32082,24911,30283
26019,26386,33133,33105,31173,26828,34354,37151,36170,32065,25056,30537
25625,26190,32497,32796,31204,26597,34584,36313,35545,31792,24745,31211
25463,25694,31669,33560,31869,25780,34411,29174,36795,30622,21835,32208
25159,26504,33719,34480,31664,26166,34439,25748,36791,31738,26861,34455
26276,26666,33650,34450,31650,26083,34342,24992,35864,31826,24076,34021
26435,27018,33135,34650,32134,25799,33848,24291,35886,30482,24633,33646
25925,27366,33144,34898,32695,25763,33684,24401,35470,30177,24507,32949
25222,27481,33120,34879,32117,25850,33427,24674,34999,30169,24258,32231
25831,27582,33583,34938,32714,25932,33403,23826,34445,30389,23626,31643
26204,27091,35567,34552,32255,25979,33383,23826,34026,31058,23191,30610
24440,26234,31935,33239,33145,25804,33550,24160,36237,32823,22751,30179
25569,26265,32516,33407,31953,26308,33339,29250,34772,32593,26822,29557
24901,26454,33481,33056,31574,26443,33900,33530,34380,32707,22960,29637
24944,26491,33648,33265,31803,26729,34180,35057,34852,32640,22969,29570
24939,26526,33580,33047,31736,26937,34260,35478,35153,32716,23005,29616
24491,26660,33026,32812,31600,27096,34267,36267,35366,32713,23527,29837
24920,26684,32799,32693,31350,27252,34111,37312,35758,32651,24421,30007
25791,26637,32478,32651,31256,27323,34350,37433,36270,32612,24564,30169
25090,26221,31896,32839,31351,27241,34601,37068,35596,32242,24549,30783
24765,25641,31890,33354,31972,26306,34570,28301,36981,30962,21868,33071
24584,26435,33349,34221,31238,26149,34984,24781,35955,32934,27265,34496
25235,27027,32843,34261,31807,26120,34506,25040,35877,32211,24402,33465
24697,27237,32643,34450,32044,25875,33923,24014,35616,31220,25027,32873
25940,27319,32301,34705,32004,25713,33565,24570,35564,31057,25021,32710
25013,27412,32368,34891,32610,25688,33276,24281,35194,30692,24534,31874
25449,27195,31985,34684,32772,25779,32815,23272,34759,31344,24086,30934
24714,26576,31974,33703,32403,26096,31971,22205,34983,31804,24363,30520
24430,25832,30707,32998,32504,26081,33043,23714,37543,32843,24627,30301
25184,25971,31613,32764,31866,26641,33245,31611,35569,32435,23370,29700
25489,26334,31793,32766,31730,27059,34211,36224,35663,32826,23506,29700
25640,26393,31864,32782,31815,27126,34343,35971,36185,32672,23432,29770
25742,26443,32045,32762,31830,27351,34618,35851,36658,32662,26722,30279
25588,26664,32251,32776,31651,27493,34727,36132,36839,32660,27466,30373
25462,26583,32072,32832,31512,27551,34858,36699,37079,32475,24162,30403
25187,26382,31389,32654,31551,26920,34732,32702,36145,31853,23247,31567
24650,25887,31169,33770,32305,25967,34678,28892,37537,30990,22198,32501
25041,26618,31663,34527,31456,26294,34998,24951,36240,33102,23485,34178
25129,27097,31851,34405,32402,26076,34096,24438,36352,31434,23838,33206
24653,27325,31351,34499,32394,26056,33935,24393,36102,30950,24270,32446
25383,27425,31431,34795,32658,26060,33675,24353,35494,30603,23943,31964
24974,27709,31688,35151,32939,26127,33652,24604,35244,30616,23574,31897
24560,27712,31779,34996,32322,26110,33830,24683,35016,30725,23259,31443
24974,27530,32562,34854,32966,26029,33014,22549,34388,32852,24296,29978
25292,26518,31456,33502,31014,26541,33371,30041,34190,32424,23208,30677
25480,26238,32064,33375,32033,26874,33485,29088,35496,32170,23135,29663
24733,26475,32519,32961,31652,27123,34196,33693,35444,32538,22934,29949
24561,26472,32530,32867,31730,27325,34263,35933,35560,32631,22981,29915
24861,26508,32331,32769,31760,27425,34232,36374,35750,32636,23302,29981
24750,26520,32284,32662,31675,27647,34132,37102,36009,32588,23675,29950
24573,26566,31952,32477,31457,27774,34110,37567,36622,32356,24010,30013
25059,26492,31342,32672,31567,27765,34203,37572,37005,32389,27259,30443
24223,26200,31058,32898,31790,27111,34189,31521,36626,30822,22793,32021
24384,26076,31246,33715,32193,26428,34463,25081,36790,30713,22023,32744
25232,27145,31860,34653,31420,26537,34606,25469,36472,32066,23396,33770
24795,27444,31848,34654,32495,26330,34082,24979,36326,31130,24315,33012
24975,27560,31857,34893,32686,26401,33765,25045,35759,30899,24159,32711
24847,27699,32074,34848,32870,26488,33742,24907,35520,30750,23832,32489
26067,27790,32661,35116,33816,26356,33202,22534,35538,30539,23559,30954
25675,27330,34293,34732,31461,26443,33002,24359,35326,31037,22919,30748
24790,26259,31404,33226,33945,26556,33128,23419,37353,33485,22997,30693
24634,25845,30410,32373,30940,27082,33264,33184,35283,32611,23532,29791
25493,26123,31550,32470,30519,27321,34039,35870,35387,33193,23163,30024
24974,26281,32122,32817,31072,27349,33918,36805,35681,33126,23138,29994
25045,26359,32136,32461,30961,27591,33898,37816,35874,33204,23643,30248
25210,26449,31788,32224,30721,27667,33696,38369,35866,33207,24017,30363
24881,26511,31619,32262,30720,27755,33793,38499,36205,33032,24658,30557
24686,26416,31482,32336,30675,27656,33979,38366,36497,32817,24572,30867
25003,25662,30548,32882,31132,26964,34128,33240,36481,32227,23290,31432
24732,26317,31332,33446,31294,26424,34200,26627,37114,32744,26150,33363
24623,26737,31214,34347,31114,26658,33966,25440,36157,31927,23599,33003
24476,27158,31155,34487,31278,26422,33564,25000,36108,31523,23794,32835
25015,27365,31234,34648,31796,26385,33406,24550,35571,30900,24103,32298
24971,27514,31322,34898,31952,26354,33254,24974,35369,30640,24144,32131
24341,27819,31462,35065,31804,26466,33245,25331,35022,30786,23814,32140
25648,27790,32076,34911,32218,26180,33152,23880,34137,31570,23843,30337
24692,26532,31475,34597,32219,26635,32799,27948,36030,31895,23248,30501
24839,25833,30572,32915,31264,27383,33583,35165,36336,32323,23501,30018
24823,26076,31831,32943,31121,27600,33865,36969,35833,32605,23369,30045
24941,26200,32019,32770,31143,27939,33914,37115,36351,32468,24026,29933
25895,26293,32120,32726,31176,28012,33872,37617,36466,32561,24289,30101
25942,26313,32147,32846,31052,27945,33963,37851,36575,32523,24563,30349
25631,26402,32140,33001,30816,27991,34040,38308,36985,32452,28204,30487
25520,26335,31699,32603,30731,27954,33965,37922,37239,32270,25289,30862
25653,26246,31619,32881,30942,27484,33776,31211,37414,30954,22369,32309
24722,25775,31122,33677,31692,26424,34045,25473,36906,33005,21555,32868
25738,27167,31987,34675,31218,26644,34364,24795,35951,32860,21756,33776
25959,27467,31587,34739,31416,26576,33950,24856,35848,31768,22490,33207
25431,27796,31719,34849,32118,26593,33560,24686,35292,30724,22436,32684
25530,27989,31759,35082,32009,26621,33625,25415,35225,30765,22476,31958
25675,28015,31755,35021,32016,26657,33636,25540,34944,30782,22577,31594
27530,27212,33815,34045,31564,26625,32620,22765,34975,31418,23003,30656
25637,26421,31790,33918,32200,26948,33029,29484,36375,33531,22534,30249
25360,26087,31842,33029,31460,27673,33064,29129,36893,32533,23863,29753
25471,26246,32506,32854,30705,27990,33533,35457,36731,32835,23618,29731
24674,26426,32431,32660,30865,28100,33400,36782,36533,32693,24003,29766
24831,26480,32401,32637,30879,28318,33350,37171,36875,32652,24249,29855
24919,26545,32265,32460,30687,28436,33341,37283,37443,32480,24461,29825
25537,26387,31653,32461,30572,28375,33390,36652,37567,32346,27955,30230
25812,26345,31306,33230,31080,27686,33329,32656,36610,31425,24423,31487
24310,26405,30218,34030,31658,26552,33408,26259,37391,30611,22746,32370
24883,26965,30797,34738,30980,26645,33760,25606,37088,31949,22211,33631
24975,27042,30806,34729,31472,26610,33580,23736,36773,31253,22118,33066
24777,27175,30844,34694,31870,26594,33267,24752,36730,30869,22624,32725
25080,27642,31464,34867,31868,26589,33355,24711,35273,30376,22150,31617
25035,27703,31498,35125,31897,26637,33581,24789,35219,30618,21410,31465
26600,27056,32178,34235,31673,26917,31965,24401,34927,31160,22210,30890
25566,25980,30373,33235,31194,27036,32548,29076,36754,33894,23493,30178
25517,25978,30621,32438,31080,27777,33183,32789,36400,32935,23710,29788
25702,26187,31067,32610,30954,28082,33564,38084,36246,32957,23768,29643
25975,26340,31376,32471,31053,28142,33642,37282,36543,32945,24547,30045
26108,26429,31674,32692,30974,28204,33690,37140,36921,32786,24709,30323
25184,26592,31875,32822,30724,28292,33670,37358,37120,32643,24789,30334
26280,26642,31812,32899,30610,28268,33800,37647,37413,32558,24941,30455
26311,26367,31097,32533,30655,27554,33801,34334,35914,32427,23927,30733
25515,25874,30180,33430,31416,26503,33860,30331,36914,31598,22550,32685
24846,26485,30673,34262,31036,26715,34319,24607,36675,32536,21489,33643
25475,27102,31250,34612,31114,26642,34114,24049,36715,31547,21101,33463
26922,27004,31704,34420,32408,27310,34017,24520,36398,31283,21978,32446
28176,27173,31958,34530,31546,27131,33292,24525,35760,30759,22402,31480
28612,27487,32388,34727,31533,27017,33319,23613,35573,30726,21519,31254
28138,27038,33303,33908,31606,27031,33138,23783,35480,30803,22590,30549
25531,26336,30720,33931,30293,27410,32784,28329,36321,33494,22474,30264
25707,26110,30939,33235,30963,28106,33895,33341,36526,33250,22868,30040
24919,26231,31580,32964,30999,28242,34121,37407,36261,33256,22781,30045
24721,26252,31502,32759,31119,28328,34027,37062,36362,33176,23389,30211
24696,26339,31464,32727,31038,28442,34061,37493,36567,33195,23870,30351
24503,26432,31542,33005,30964,28501,34125,37622,36729,33137,24298,30506
24710,26499,31585,33157,31020,28471,34263,37737,36995,32938,24424,30607
25817,26096,31012,33221,31179,27772,34407,33070,36799,32884,23700,31103
25288,26287,30510,34029,31539,27174,34490,29181,36913,31758,21819,33044
25497,26899,31366,34831,30895,27273,34573,24293,36292,32738,22890,34101
26201,27436,31314,34782,31359,26986,33746,23826,36168,32275,23460,33547
26225,27581,31314,34879,31368,27088,33482,23967,35863,31497,23826,32542
26668,27768,31674,34583,31188,27084,33148,24057,35631,30834,22946,31421
27007,27516,32102,34974,31963,27014,32777,23275,35911,30951,23249,31121
24747,26289,30555,33940,31519,27208,32344,23122,35029,32460,23114,29999
25612,25913,30960,33406,30865,27984,33280,34817,36146,34033,23137,29604
25636,25874,30976,32523,31089,28462,33853,37541,36646,34250,23300,29622
25799,26152,31674,32717,30982,28545,33801,36701,36884,34482,27100,29781
25660,26114,31608,32668,31045,28687,34032,37483,36907,34485,27563,30163
25241,26306,32009,32920,30937,28756,34182,37617,37054,34519,27639,30342
24984,26277,31953,33104,30934,28800,34242,37510,37282,34378,27675,30357
24927,26196,31812,32940,30965,28425,34143,36430,36211,33876,23656,31220
24820,25748,30994,33024,31374,27265,34380,32982,36435,33074,22017,32067
24590,26782,30090,33805,31798,27204,34683,25535,37212,32566,26345,33450
25431,27172,31303,34789,31456,27011,34008,24338,36768,32020,22954,33118
25062,27530,31004,34937,31380,26840,33760,24420,36537,31711,23223,32954
25398,27790,31022,34924,31749,26934,33613,24535,35581,31082,22872,32201
25861,27833,31703,35024,31806,26802,33385,24685,35257,30995,22949,31208
27025,27429,32909,34882,31550,26719,32910,23907,34924,31190,22892,30766
25455,26677,30069,33470,33486,27148,33372,25286,36751,32778,22685,30410
25310,25860,30187,32797,31109,27879,33567,34852,35657,32846,23000,30088
25649,25959,31667,32596,30975,28194,33707,35080,36143,33197,22686,30035
25415,26135,31963,32920,31235,28415,34122,37157,36607,33253,25973,30017
25416,26213,31952,32711,31254,28585,33960,37399,36620,33246,26355,30078
25038,26227,31886,32626,31006,28578,33841,37363,36553,33234,25755,30222
26315,26254,31714,32614,30884,28550,34125,37738,37135,33208,26705,30671
26645,26116,31060,32799,30918,27751,34104,34153,36706,32660,21954,30911
26148,25945,30882,33732,31374,27319,34065,30017,37124,32089,21074,32057
25933,26192,30996,33984,30808,27056,33964,24832,36861,32944,21212,33470
26948,26993,31512,34488,31059,27227,33564,24480,36361,31915,21398,33163
25971,27376,31315,34684,31380,27156,33528,24280,36085,31769,22142,32763
25873,27498,31225,34850,31481,27138,33466,24157,35904,31601,22330,32551
26270,27713,31584,35037,31640,27353,33298,23715,35526,31380,22385,32367
27262,27251,33787,34244,31472,27156,33295,24115,34895,31231,22213,30790
26647,27000,30746,33737,33744,27315,33909,26626,35985,33139,21759,30974
25335,25864,31065,33015,31449,28271,33167,31288,35906,33364,22515,30156
25472,26017,33246,32758,31189,28566,33633,33276,36093,33727,22506,29973
25559,26072,33317,33069,31103,28925,33702,35800,36377,33632,22722,29801
25742,26158,33073,32821,31135,29122,33483,35774,36624,33641,23080,29837
25808,26195,33055,32757,31022,29085,33459,35420,36727,33577,23749,30089
25802,26253,33134,32823,30924,29106,33565,33258,36816,33480,23594,30702
24933,26232,32254,32921,31054,28644,33505,32610,37123,33385,23543,31008
25159,25679,31203,32955,31209,28137,33498,31060,37254,32367,22576,32000
24951,25850,30130,33792,31009,27008,33861,25879,37380,32389,22209,33452
26152,27151,31734,34682,31156,27371,33606,24032,36999,31875,22421,33192
25045,27566,31762,34670,31672,27376,33506,23944,36677,30622,23253,32528
24966,27540,31452,34889,31192,27742,33446,24939,35812,30598,22768,31709
25320,26086,30352,32185,31670,27922,31925,25062,36595,31918,23495,30913
25777,25945,30279,32771,31353,27531,33434,26735,37548,33431,23405,30240
25555,25961,30027,32580,31275,27974,33372,32229,36893,33248,22802,29725
25812,26263,30719,32711,31375,28381,33991,36871,36811,33641,22603,29695
24897,26484,31282,32735,31377,28480,34111,37351,37539,33865,26299,29719
24707,26495,31255,32717,31359,28592,34104,37131,37672,33760,26139,29743
24920,26575,31873,32704,31220,28731,34233,37112,37826,33684,25931,29745
26217,26486,31952,32738,31085,28728,34300,36705,38117,33779,25833,30140
26332,26320,31210,33112,31302,28155,33835,32187,37368,33030,23060,31703
25840,26239,30106,33961,31815,27214,34144,29858,37824,31775,21458,32421
26352,26875,29716,34582,30680,27449,34051,25169,37675,32717,22212,33616
26293,27265,29767,34668,31735,27430,33463,24382,37397,31723,22759,32918
25730,27455,29946,34730,31801,27355,33355,24143,37211,31403,23286,32319
25991,27563,29936,34935,31402,27375,33293,24204,37433,31367,22871,32201
25770,27525,31379,34830,31480,27387,32576,24096,36968,31641,23333,31385
24718,26368,29148,33349,32404,27368,32238,22609,37019,33324,25679,30262
25829,26460,29737,33855,30711,27782,33436,31941,35643,34457,23592,30013
25834,26214,29754,32915,31021,28289,33646,36643,36603,34794,23348,30089
25528,26344,30401,32830,31309,28342,33691,35065,37098,34796,23200,29866
25049,26428,30908,32797,31111,28543,33889,36082,37062,34835,23140,29903
24255,26553,31781,32748,31137,28746,33916,36683,37392,34729,23200,29935
24433,26663,32200,32756,31175,28995,33984,36654,37720,34618,23138,29836
24474,26669,32245,32802,31209,29227,33971,35635,38187,34353,23880,30261
24868,26484,31180,33499,31697,28367,33772,30636,38170,33257,27913,30908
25363,26396,29440,34330,32020,27837,33755,29042,38192,32799,22320,32271
25215,26898,29209,34851,30992,27390,34323,25260,37880,32927,21828,33358
25360,27420,31180,35070,31847,27358,34005,24520,37717,32400,21772,32883
25063,27516,31022,35060,31407,27297,34008,24860,37495,31918,21805,32749
24727,27415,30735,34970,32250,27262,32817,24170,37459,31479,23707,31340
25485,26253,30030,34232,31527,27491,31800,25095,38448,31783,23887,31165
24442,25919,29940,33460,31411,27436,31742,24405,38485,32186,24269,30945
24513,25720,30050,33720,30629,27960,32704,27960,38401,33072,22900,29866
24945,25983,29392,32991,30772,28637,33734,34133,38149,33091,22552,29952
25463,26218,30140,32867,31188,28879,33804,34785,38308,33401,23208,29928
25451,26192,30058,32763,31133,29105,33799,34724,38662,33277,23395,30015
25694,26259,30160,32821,31159,29314,33752,33733,38825,33197,23364,30100
24700,26434,30452,32804,31098,29382,33768,33280,39180,32997,23334,30252
24475,26293,30485,33137,31254,29277,34072,32441,39411,32830,26519,31674
25245,25776,29701,33905,31943,27750,33869,25925,38896,31352,21897,32724
24876,26776,29689,34423,31535,27455,34000,25157,38206,32865,21273,34092
26364,27138,30747,34912,31987,27832,33681,23467,38143,32219,20833,33238
25162,27530,30793,34956,31659,27877,33409,23978,37824,31683,21651,33040
25905,27622,30547,35064,31732,27894,33207,23516,37287,31315,21650,32204
26408,27589,31079,35141,31942,27743,32825,23848,36938,31018,22295,31420
27082,27463,31355,35009,31693,27688,32593,23724,36773,30954,22393,31270
24725,26043,31282,34118,31883,27820,31769,22320,36374,31872,23045,30554
24681,25867,29382,33266,30750,27974,32785,33559,37344,32771,24093,29909
25398,25915,29296,32355,30862,28320,33470,28721,37615,33042,24242,30100
25443,26030,29451,32620,30952,28311,33632,35381,37628,33186,22951,29910
25055,26099,29726,32413,30952,28297,33944,36210,37901,33306,22599,29972
24898,26179,30315,32364,31010,28410,34009,36485,38026,33319,22632,29985
24111,26327,30994,32405,31010,28582,34140,36864,38084,33333,26149,30106
24392,26408,31619,32319,30864,28692,34185,37132,38384,33211,23047,30099
25930,26165,30514,32694,31225,28297,33987,35563,38463,33149,23358,30632
24770,25769,29378,32894,31574,27919,34310,28345,38204,31788,21242,32597
24551,26270,29507,34362,30598,27585,34350,24585,37742,32536,21450,33412
24930,26880,30231,34449,31418,27503,34048,23947,37832,32209,21774,33060
24995,26954,30288,34449,31630,27469,33608,24055,37517,31144,22986,32093
24596,27290,30380,34851,31770,27491,33155,24105,36405,30807,22983,31692
25282,27450,31012,34895,31491,27439,33062,25202,36274,30793,22896,31078
25608,26822,30491,33844,31585,27740,31489,24995,35834,32195,23000,30591
24701,26141,29635,33210,30750,28248,33462,35949,37380,33053,23205,30472
25470,25914,29218,32439,30960,28460,33212,32691,38128,33630,23441,29949
25465,25984,29239,32690,30942,28589,33707,36931,38222,33910,23422,30057
26064,26306,30592,32541,30945,28437,33875,37158,38077,33971,26567,30286
25990,26302,30624,32249,30840,28351,33695,37174,38032,33822,23456,30199
26003,26328,30867,32209,30715,28489,33822,37170,37956,34123,23416,30210
26073,26361,31247,32200,30688,28666,33928,37259,38099,34110,23726,30171
26113,26171,30962,32569,30667,28569,33842,37235,38172,33922,23677,30636
25875,25951,31014,33014,31337,28131,34300,30210,37968,32357,20971,32572
25100,26438,30770,34435,30692,27885,34149,23909,37302,32499,20660,33137
26986,27046,31057,34642,30705,27915,33745,23786,37204,32849,22428,33360
27296,27406,31050,34978,31741,27669,33059,23900,37402,31728,23383,32590
26642,27895,31225,35189,31993,27840,33260,23578,36871,31360,22735,32301
27460,28059,31390,35375,32347,27981,33394,24643,36640,31257,22541,32085
27768,28018,31826,35442,32000,27620,33654,23614,35155,31841,21895,30600
30015,27920,32836,35655,33118,27787,34067,29207,34610,31390,21432,30120
27334,27139,30724,34807,30235,27892,34791,33559,37005,32095,21009,30517
26937,27160,30728,34615,31699,27937,34549,34320,37401,32155,21300,30478
26782,27170,31219,34530,31658,27864,34514,33598,37478,32107,21390,30472
27688,27133,31464,34463,31354,27865,34510,35654,37384,32153,21731,30465
27748,27106,31499,34184,31334,27884,34410,36219,37484,32178,22116,30519
27266,27050,30905,33703,31114,28032,34311,36277,37593,32156,22270,30505
27258,26977,30699,33494,31057,28149,34291,36715,37919,32105,22802,30518
27249,26911,30503,33239,31058,28205,33813,37125,38086,31921,23744,30742
26362,26627,30555,33880,31633,27710,33337,33170,38276,31488,23628,31306
24814,26418,29396,34172,31708,27524,33811,25904,38351,31839,21801,32978
25929,26863,30348,34850,30824,27320,33680,24452,37651,32051,22426,33705
25692,27251,30641,34889,31427,27481,33340,24019,37620,31535,22650,32746
26002,27428,30576,35064,32108,27653,32988,24374,36402,30844,22703,31425
26556,27590,31406,35095,31735,27576,33064,24946,35900,30789,23174,31291
27749,26803,31750,33368,31570,27726,32781,24549,36165,31681,23476,30453
25845,26285,29787,33272,30379,27686,32610,26255,38236,33363,22730,30752
25652,25790,29405,32631,31238,28307,33200,34311,38489,33379,23175,29958
24791,25943,29795,32475,31021,28422,33686,36676,37924,33511,23162,30364
24439,26071,30470,32286,31051,28411,33833,36699,38032,33442,23047,30436
24600,26091,30706,32264,31001,28548,33797,37126,37932,33494,23162,30494
26123,26173,31334,32333,30834,28632,33782,37156,37905,33480,23219,30612
26432,26254,31134,32224,30685,28848,34261,37384,37836,34039,22030,30462
27018,26305,31123,32466,30730,28575,34384,36859,38139,33790,21831,30716
25990,25928,30447,33302,31430,28163,34349,31501,38138,32267,21143,32293
25534,26484,30204,34493,31146,27909,34030,24849,37581,33147,21589,33725
26342,27145,31162,35066,31081,27867,33743,23756,37754,32742,21928,33435
26142,27287,30818,35018,31351,27775,33559,23689,37993,32010,22625,33145
26210,27248,30435,34850,31893,28298,32684,23995,37532,31186,23180,32025
25586,27037,31101,34790,32034,28207,32197,24773,37310,31226,22827,31225
26408,26552,31645,33511,31476,28073,32205,23194,37868,31825,22818,30876
25545,25940,29670,33047,30328,28567,32018,27595,38782,34186,22679,30450
25717,25817,29781,32809,30987,29199,33335,33343,38832,33178,22721,29801
24725,26023,30463,32195,30905,29419,33480,36870,38792,33868,23696,30068
24757,26070,30576,32285,31114,29606,33495,37423,38741,33921,24250,30148
24619,26093,30624,32596,31223,29688,33716,37414,38847,33990,27593,30284
25194,26165,30702,32680,31232,29720,33804,37528,38867,33977,27515,30492
25894,26135,30376,32497,31144,29229,33808,37505,38770,33854,23837,30837
25749,25745,29475,33347,31735,27920,33971,32113,38340,33265,22487,31738
25384,26667,29305,33803,31555,27486,33945,27716,38367,32400,25760,33138
26428,27164,30740,34896,30886,28099,33442,24516,37415,32542,22519,33318
26073,27523,31063,35099,30887,28487,32865,22935,38006,32046,23020,32899
25850,27226,30696,35013,33052,28828,32196,22892,37660,30780,22756,31562
26267,26551,30887,34226,31353,28885,31488,23956,38925,31829,24536,31070
24755,25303,30219,32554,30792,28973,31938,24270,40091,32688,26277,31017
25109,25459,30047,32928,30621,29156,32044,31237,39256,34156,25341,30160
25333,25578,30011,32789,30499,29883,33016,36483,39190,35320,25058,30253
25744,25748,30398,33117,30940,30137,33394,35726,39240,35351,25510,30394
25498,25746,30213,33069,30998,30088,33545,36289,39252,35428,28435,30537
24919,25868,30218,33031,31009,30012,33707,36440,39217,35340,27932,30575
24758,25970,30525,32936,30938,30027,33803,36402,39224,35343,27788,30535
26035,25995,30361,32803,30849,29803,33735,36655,39097,35538,24200,30799
25594,25858,29955,33592,31499,29221,33880,32051,38750,33543,22748,31395
24631,26060,30345,34606,30469,28515,33830,28202,39337,32848,21299,32762
25902,26455,30854,34975,30626,29060,33616,24110,38317,32526,20942,33315
25466,26946,31147,35018,31377,29179,33245,24428,39039,31631,21856,33043
26195,27005,30990,35057,31784,29404,32775,24470,38988,31462,22733,32286
26425,26888,30796,34932,31649,29769,32062,25717,39286,31256,23255,31710
26139,26511,30305,34632,31257,29572,31602,24996,39738,32591,23428,31550
25206,25609,30352,33352,30460,29551,32161,26750,41716,33128,24193,31084
25254,25481,30452,32514,30534,30728,33085,34600,39910,34220,23249,30325
25477,25550,30351,32588,30798,31044,33634,35956,39464,34740,23149,30191
25219,25650,30452,32950,30907,31184,33868,36587,39473,34854,26808,30399
24782,25647,30496,32940,30840,30996,33934,36765,39358,34862,26689,30522
26052,25810,31081,32843,30736,31017,34085,36809,39309,34929,26558,30581
26594,25973,31434,33003,30647,30745,33963,36885,39278,34735,22709,30646
26321,26072,30760,33580,31435,29203,33868,30816,40340,32593,22015,32294
25844,26413,29943,34719,30827,28787,33235,26441,39123,32166,21578,32839
26424,26839,30463,34709,30659,29049,33330,25366,38825,32287,21942,33139
25840,27085,30870,34804,31479,29143,33010,24697,39099,31452,22121,32726
25010,27387,30856,35221,32071,29341,32876,24354,39175,31195,22344,32562
24921,27672,31014,35424,32199,29492,32928,24515,39248,30981,22387,32436
25296,27574,30924,35382,32095,29368,32987,25538,38432,30545,22476,31608
26670,27101,30250,35185,32634,29126,33249,29791,38301,31773,23141,31038
25901,26116,29487,33889,30984,30408,32737,30156,39044,31631,22535,30631
26040,26096,29629,33536,31081,31363,32963,34972,39488,32616,22851,30346
26172,26100,29408,32952,30947,31610,33140,35785,39735,32749,23062,30267
25552,26139,29285,32864,30921,31673,33152,36038,39769,32774,23350,30270
25200,26161,29359,32666,30853,31730,33109,36345,39873,32733,23649,30307
25093,26254,29215,32553,30713,31742,33227,36378,39974,32780,23587,30337
26686,26349,28740,32469,30650,31728,33268,36463,40020,32806,24029,30298
26854,26276,27725,32770,30748,30239,33129,34877,39893,32331,24276,31706
26193,26059,27297,33603,31312,28797,33524,33040,40206,30928,22037,32525
26473,27051,27187,34990,31210,28842,33348,26491,39682,32256,21560,33722
26470,27055,27440,34982,31537,28955,32991,25220,40139,31698,22962,32855
24889,27075,28012,34848,31731,28983,32803,25274,39789,31475,23609,32658
25552,27156,28490,35060,31858,28921,32067,26014,38742,31002,23575,31849
25576,27335,29180,35226,32006,28857,32318,25790,38592,30631,22125,31628
26257,26861,29682,34753,31182,29320,32344,25859,38663,30822,23023,31364
25700,25709,28345,32928,31416,29634,31382,32979,39535,33595,24423,30505
25639,25630,28584,32420,30691,30432,32785,34039,39478,33705,23615,30359
24532,25834,28254,32805,30932,30645,33238,37374,39228,33967,23540,30244
24340,25876,28182,32546,30837,30537,33191,36781,39169,33917,23930,30366
24549,25960,28328,33103,30917,30743,32961,37255,38822,34076,24160,30482
25833,26175,27898,33739,30865,30827,32906,37528,38699,34067,24845,30776
26156,26391,27916,33874,30933,30761,32961,37223,38637,33925,25165,30920
26286,26418,27855,33809,30890,30428,33452,37548,38015,33682,24653,30875
25603,26071,26965,33241,30922,30295,33820,35433,38365,32563,22110,32643
24810,26030,27024,33937,31371,29262,33886,27332,39629,32214,22433,33684
27201,27320,30668,35495,31204,29812,33471,25152,39890,32195,22961,33837
26571,27518,30591,35629,31372,29969,33223,24841,39748,32382,22881,33662
25950,27634,30531,35669,31790,30327,32891,24774,39885,31715,23475,33282
26887,27885,30900,35690,32504,30937,32625,23994,39782,31400,23479,33058
28338,28005,31613,35746,32578,30088,33024,25421,38591,30532,22995,31740
27618,27598,32830,35085,31974,29114,33297,23426,37722,32548,21938,30338
25546,26598,30298,33718,30839,31644,33562,31400,39297,32727,22135,30903
25776,25901,29258,33225,30754,31854,33103,31815,40364,32708,22892,30351
24894,25966,29279,32828,30710,32031,33424,35091,40019,32900,23024,30445
25987,25894,29513,32766,30960,32176,33352,36216,39877,32935,23333,30497
26359,25928,30005,32827,31144,32207,33336,36247,39884,33093,23898,30697
26341,25960,30055,32827,30884,32189,33250,36420,39993,32961,24164,30811
26186,26134,29713,32852,30743,32287,33396,36918,40002,32965,24220,30958
25749,26094,29366,32728,30690,32075,33434,35999,40052,32864,27757,31533
25917,25630,29479,33331,31337,30265,33548,32482,40181,30903,21549,32945
24613,26450,28646,35181,31029,29402,33359,25987,40102,30854,21938,33377
26115,27228,29323,35327,31353,29741,33346,25496,39108,31444,22141,33442
26137,27332,30324,35496,31755,29875,33225,24424,39330,31051,22979,33129
25581,27410,30594,35710,31651,30326,33041,24235,39279,31061,22889,32999
25875,27671,30497,35869,32076,30537,32891,23820,38839,30709,22749,32410
25951,27776,31070,35953,32332,29476,32938,24194,37548,30705,22975,31284
24771,27069,29779,34757,34211,30835,33112,25980,37301,32765,25025,30343
25029,25662,30460,33065,30378,31625,33550,33067,38725,32414,22915,32028
25622,25765,30012,33298,31613,32253,33416,37908,40042,32987,23114,31246
25511,25754,30031,32930,31480,32324,33649,35874,40086,33006,23046,31414
25766,25801,29827,32910,31223,32270,33832,36764,40000,33095,23124,31397
25964,25921,29702,32855,31326,32260,33827,37131,39818,33122,23447,31455
26039,25986,29823,33011,31269,32257,33821,37207,39664,33130,23593,31548
25945,26030,29911,33160,31214,32277,33892,37430,39502,33161,23922,31620
25815,26060,29910,33445,31156,32316,33960,37544,39500,32880,23953,31698
24998,25760,29592,32932,31106,31474,33937,37522,39451,32660,23196,32037
24406,25551,29346,33425,31403,30552,33838,31762,39381,30915,21932,33511
25214,26683,29669,35495,30797,30209,33845,26076,38824,32235,21677,33945
25765,27115,30640,35355,32154,30353,33465,25017,39300,31424,22183,33775
25518,27314,30969,35450,31755,30760,33183,24950,38976,30988,22468,33355
25738,27498,30880,35504,32233,30860,32985,24990,38235,30310,22454,33145
27283,27745,31551,35434,32155,30964,32818,24375,38220,30113,22108,32195
27865,27710,31794,35542,32132,30511,32845,24460,37605,30154,22382,31640
26151,26889,29943,34774,32977,30255,32968,28354,40332,32259,23018,31108
25178,25663,28983,33082,30745,31575,32997,32862,39755,31916,23011,30790
25787,25766,28721,33068,31037,32136,33164,35031,40087,32391,23011,30631
25633,25980,28687,32872,31138,32321,33267,35681,40533,32475,23101,30515
25928,26087,28553,32832,31060,32379,33230,36133,40563,32453,23450,30627
25737,26149,28503,32800,31090,32471,33213,35685,40750,32374,23729,30814
25391,26333,28353,32739,30967,32508,33212,35426,40805,32339,23837,30867
26721,26305,27101,32955,30983,32499,33303,34879,40784,32353,23928,31288
26964,26148,26375,33273,31150,31203,33133,34058,40383,31103,23624,32234
26366,25941,25794,33949,31741,29196,33905,27393,40024,30300,21973,33431
26601,26974,26288,35125,30998,29360,33874,26203,39071,32864,22369,35488
27440,27191,26807,35253,31597,29740,33504,24575,39026,31571,22655,33720
27509,27723,27160,35476,32173,30121,33365,24921,38439,30606,22611,33118
25405,27857,27440,35676,32356,30229,33408,24943,38224,30249,22758,32790
26560,27969,27622,35945,32699,30828,33405,25352,37964,30135,22838,32778
26513,27951,27425,35931,32348,30902,33376,25635,37726,30065,22940,32769
28399,28050,28527,35719,31924,29553,33681,23810,36840,31897,20867,30515
26586,26606,27809,33540,30810,31470,33881,31655,38034,31571,22276,31408
26435,26043,27645,33607,31936,31799,33439,29766,39957,31820,22925,30502
26364,26063,27882,33125,30978,31918,33707,34277,39378,32259,23040,30710
26268,26070,27956,32849,31341,31948,33445,36489,39495,32303,23466,30689
26465,26181,28229,32742,31365,32052,33476,36852,39621,32353,23777,30751
26602,26258,28259,32653,31274,32001,33416,37107,39720,32383,24086,30782
26466,26326,28346,32581,31109,31960,33423,37278,39724,32382,24173,30887
26354,26463,28648,32520,30925,31904,33474,37342,39675,32410,24204,31057
26771,26443,28253,32484,30918,31525,33523,36517,39777,32301,24238,31445
26617,25989,27082,33053,31283,29445,33986,34198,39485,31016,22373,31874
25258,25759,26689,34203,30951,28686,34226,32110,39372,30898,22048,32990
26800,26427,27225,34770,30886,29586,34045,27218,39257,31006,22663,33462
26366,27081,27869,35196,31386,30428,33558,25484,38874,30529,22801,33292
26063,27294,27897,35407,31360,30741,33353,26018,38480,30150,22790,32900
25870,27183,28062,35300,32099,30738,32480,26530,38334,30155,23322,32055
25979,27304,28389,35475,31923,30324,32733,26366,37911,30286,22441,32014
26000,26523,27734,33798,32792,30075,32389,26164,38260,31732,24154,31256
25941,25990,27438,33344,30880,31267,32763,31055,39424,32310,23129,30833
26103,25734,27445,32900,31155,32084,33362,37280,39875,32831,23209,30634
25663,25875,27181,32633,31235,32155,33474,35812,39931,32812,23322,30684
25469,25938,27190,32684,31099,32184,33561,37000,39741,32838,23591,30858
25643,25994,27349,32971,31165,32146,33613,37435,39647,32957,23960,31001
26787,26017,27175,33536,31155,32132,33626,37326,39624,32937,24173,31253
26817,26073,27115,33739,31061,32045,33843,37472,39735,32846,24114,31397
26708,25942,26087,33018,30941,30504,33884,35720,39318,32810,23765,31528
26031,25866,25438,34105,31415,29658,33962,33289,39326,31192,21632,33112
25693,26562,25323,34991,31077,29539,33749,26115,38957,31621,22488,34065
26970,27151,26384,35421,31538,30027,33354,24928,39276,31059,22993,33604
26587,27205,26101,35241,31553,30241,33230,24933,39166,30608,22999,33190
26373,27252,26198,35313,31856,30701,32923,25196,38655,30220,23061,32753
26485,27534,26538,35630,32211,30492,32929,25195,38497,30050,22899,32706
26612,27701,26485,35724,32109,30476,32920,25232,38663,30067,23179,32671
26621,27763,26530,35911,32309,30407,32890,25272,38708,30017,23491,32658
25679,27743,26555,35918,32217,30293,32823,25173,38676,30027,23552,32630
26347,27080,26956,35827,32108,30300,32703,25006,38203,29990,22895,31677
26266,26255,26424,33989,31834,31392,32277,30609,40075,31210,22480,30847
25803,25987,26328,33311,31300,31791,33245,33851,38711,31673,22248,30765
25539,25983,26563,32977,31300,31858,33573,35546,39719,31716,21914,30525
25518,25972,26860,33074,31360,31930,33785,35102,39992,31630,22120,30508
25951,26059,27386,33146,31351,32163,33718,34612,40331,31605,22242,30444
26064,26100,27483,33152,31339,32251,33640,34057,40787,31677,22645,30322
26040,26125,27580,33155,31354,32243,33490,33781,40898,31575,23006,30365
25771,26221,27730,33145,31348,32065,33449,33945,40802,31517,23060,30357
25438,26329,27759,33111,31337,31978,33431,34148,40609,31544,23067,30355
25180,26379,27971,33124,31335,32000,33409,33897,40603,31582,23263,30371
24735,26448,28101,33151,31332,31998,33345,33555,40610,31530,23420,30410
25622,26464,28124,33223,31348,31937,33145,33385,40732,31615,23846,30887
26118,26335,27176,33453,31478,31652,32982,33169,40692,31126,27576,31375
26001,25928,26517,33569,31549,30118,32811,32433,40513,30160,24390,31958
25905,25948,26165,34063,31506,29392,33158,28795,39953,30052,22149,32700
26171,26797,25982,34833,31703,29842,33354,26075,39674,30325,22091,32904
26412,27031,26266,34942,31898,30225,33330,25789,39503,30121,22305,32827
26417,27044,26249,34970,31879,30273,32709,25976,39296,29844,24094,32352
25802,27044,26263,35111,31982,30151,32457,25802,39108,29780,24224,32207
25927,27419,26533,35533,31954,30064,32584,25486,39084,29717,22726,32281
25984,27590,26646,35708,32124,30570,32878,25271,39168,29647,22233,32338
25915,27684,26687,35793,32114,30507,32912,25275,38789,29549,22106,32217
26452,27056,26930,35019,31855,30312,32898,25314,38322,29812,22886,31474
25900,26450,26145,34010,31337,30746,32228,28586,40210,31008,22444,31091
26138,26135,26348,33941,31354,31338,33407,32606,39356,31405,21947,30780
26410,26257,26628,33635,31265,31566,33695,33449,39646,31524,21984,30346
26470,26360,26845,33588,31343,31656,34205,34701,39910,31770,21449,30343
26444,26445,27073,33440,31346,31638,34290,36252,39853,31835,21536,30297
25611,26515,27289,33174,31318,31578,34053,36543,39810,31819,22021,30225
25270,26563,27347,33116,31204,31527,33948,36893,39762,31841,22224,30329
25144,26665,27465,32945,31080,31566,33843,37105,39676,31880,22363,30357
25269,26763,27438,32649,31023,31609,33723,37248,39617,31881,23075,30428
25344,26781,27473,32585,30910,31634,33549,37198,39621,31888,23822,30590
26570,26704,27382,32637,30933,31706,33746,37108,39733,31810,23888,30718
26486,26139,26829,32705,30940,31477,33631,37095,40089,31901,27449,31326
26187,25851,26756,32955,31038,29809,33620,33995,40075,30611,21976,32574
25810,25684,26033,33843,31495,28617,33704,28589,39707,30206,21360,32863
25779,26558,25541,34408,31208,29173,33512,26863,39681,30884,21132,33296
26645,26925,25953,35013,31351,30310,33434,25433,39313,30351,21421,33102
26412,27206,26450,35153,31713,30389,33179,24817,39345,30197,21498,32889
26293,27399,26496,35205,31695,30487,33112,24891,38759,30078,21852,32380
26263,27373,26930,35356,31780,30457,32674,25117,38362,29913,22695,32040
26111,27475,26911,35430,31855,30503,32724,25140,38429,29676,22583,32000
26439,26930,27131,35361,31684,30608,32561,25889,38033,29845,22868,31631
25812,26282,27126,33766,31349,30664,31372,24553,39485,31349,24155,31262
26102,25921,26558,33725,31116,31236,32382,27910,40177,31780,23420,31076
25746,25920,26259,33479,30980,31500,32791,31682,39190,32138,22598,30567
25811,26102,26232,33405,30966,31871,33457,35417,39725,32326,22431,30423
25858,26200,26334,33246,31002,32017,33675,35791,39840,32408,22325,30401
25809,26233,26395,33205,30946,32054,33835,36721,39832,32454,22470,30356
25622,26317,26498,32970,30906,32095,33587,37160,39737,32445,22949,30369
25542,26416,26586,32856,30795,32019,33475,37275,39662,32437,23182,30466
25913,26486,26525,32814,30717,32026,33375,37301,39753,32490,23856,30660
26617,26149,26366,32985,30580,31729,33556,37207,39921,32518,24210,30866
26552,25829,26454,32988,30623,31213,33729,37306,39966,32500,24093,31115
26211,25600,26220,32998,30760,29860,34000,35912,39096,31664,22015,32149
25598,25430,25719,33774,31280,28747,34176,31072,38786,31297,21703,32987
25425,26123,25417,34802,30724,29053,34039,27840,39081,31596,21986,33748
26850,26595,26012,35058,30998,30349,33480,25106,39275,31303,22602,33467
26639,26960,26400,35115,31251,30433,33172,24685,39223,30814,22782,33382
26383,27154,26329,35261,31868,30502,33035,24460,38998,30773,22914,32875
26515,27223,26429,35192,31666,30638,32591,24961,38984,30239,22858,32270
26500,27360,26445,35435,31724,30783,32612,24988,38649,30222,22780,32121
26605,27483,26502,35520,31932,30757,32733,25073,38560,30036,22768,32042
26658,27484,26585,35558,31978,30465,32955,24836,37955,30173,22474,31656
26666,27005,27506,35077,31458,30269,32400,24907,38309,30489,22344,31476
25906,26403,26108,34471,32547,30754,32121,26887,40633,31745,22970,30991
25751,26190,25789,34081,31270,31420,32660,26372,40185,31528,21572,30544
25585,26233,25740,34083,31104,31536,33494,33367,38995,31762,21864,30347
26225,26402,26005,33999,31157,31670,33793,33519,39055,32060,21320,30358
26332,26491,26085,34274,31230,31755,34090,33744,39105,32280,21030,30420
26224,26598,26159,34406,31160,31800,34159,34309,39041,32407,21004,30476
25593,26480,26352,34182,31149,31854,34051,34899,39358,32403,21448,30413
25756,26450,26411,33659,30892,31909,33830,36132,39697,32459,22156,30318
26773,26396,26270,33346,30706,31988,33662,36526,39726,32436,22329,30233
26873,26374,25880,33231,30625,32041,33648,36584,39803,32399,23074,30098
27081,26376,25439,33302,30537,31955,33857,36458,40015,32283,22512,30285
27001,26066,25632,33734,30946,29976,33580,35656,40074,32231,23465,31140
26185,25525,25903,33838,31014,29181,33743,32283,39791,30781,22075,32641
26270,26000,25430,34603,31517,28884,33709,26204,39499,31468,22033,33453
27699,26948,26182,35183,31085,29995,33727,25430,39203,31293,22109,33463
27064,27050,26135,35199,31504,30040,33528,24539,39344,30804,22666,33008
27022,27132,25707,35219,31632,30122,33214,24697,39140,30510,23012,32674
26990,27344,25677,35360,31608,30203,33122,24556,39022,30416,22985,32658
27302,27459,25767,35434,31590,30344,33120,24324,38715,30255,22616,32595
27345,27727,25950,35682,31869,30667,33210,24704,38461,30238,22565,32566
27553,27886,25983,35827,32149,31000,33161,24959,38418,30089,22641,32509
27937,27890,25940,35751,31920,31095,33182,25299,38031,30208,22549,32350
28699,27851,26400,35851,32637,30237,33030,24752,37259,30395,22219,31845
28016,27082,25332,35597,33068,30596,32999,26371,37141,30968,22678,31379
26322,26723,25700,34657,31034,31290,33127,30436,37923,30959,22427,30906
26732,26344,25971,34340,31379,31578,33240,32582,38582,31413,22209,30754
26581,26278,26075,33948,31227,31742,33554,33450,38960,31398,22004,30487
26612,26337,26176,33809,31078,31863,33944,35111,39615,31556,21685,30364
26737,26442,26498,33818,31133,31924,34242,35908,39875,31675,21534,30393
26362,26493,26595,33631,31090,31882,34246,36253,39830,31643,21821,30391
25774,26522,26710,33510,31040,31819,34017,36656,39765,31654,22067,30412
25568,26555,26655,33272,30813,31804,33723,36677,39555,31798,22166,30447
25902,26602,26742,33059,30624,31839,33607,36743,39552,31815,22992,30441
26290,26609,26724,32969,30580,31910,33505,36907,39491,31748,23455,30337
26914,26600,26518,32764,30375,31900,33500,36938,39539,31817,23571,30386
26850,26545,26233,32714,30352,31802,33509,36883,39552,31788,24256,30676
26669,26372,26246,32704,30515,30189,33279,35487,39225,31120,23997,31894
26031,25838,25795,33134,30937,28780,34120,31588,38671,30647,22192,32730
25678,26356,25575,34637,31290,29021,34130,28128,39052,31354,22316,33715
26642,26745,25898,34889,30836,29780,33817,25707,38919,31085,22588,33423
26490,26575,25488,34586,31773,30142,33071,25673,39215,30645,22785,33030
26336,26581,25440,34529,31478,30542,32730,25536,39336,30241,23610,32500
26631,26816,25560,34863,31495,30254,32597,25441,38951,30061,23138,32356
26992,27385,25961,35262,31616,30531,32808,25161,38612,29950,22552,32490
27018,27577,26108,35340,31749,30657,32901,25250,38504,30018,22455,32360
26331,27460,26269,35241,31495,30898,32828,25637,37755,30082,22722,31885
26388,26970,26303,34688,30981,30865,32097,25070,38573,30168,22688,31710
25986,26213,25895,34737,31338,30716,31555,25930,38571,31579,25037,31380
26371,26137,25886,34234,30768,30799,32016,29497,38537,31660,23795,31200
26045,25939,25785,33548,30828,31917,32455,28288,39598,31772,23797,30836
26153,25972,25700,33322,30605,32183,32896,33399,39090,32261,22865,30288
26093,26056,26063,33315,30663,32349,33560,35040,39525,32460,22798,30292
26090,26135,26164,33325,30730,32382,33694,35052,39622,32420,22658,30334
26162,26234,26232,33351,30748,32392,33666,35046,39718,32335,22789,30441
25936,26279,26404,33216,30608,32367,33548,35511,39816,32342,23177,30476
25892,26395,26575,33079,30470,32462,33609,35838,39970,32373,23364,30476
26704,26452,26395,32990,30423,32430,33748,36364,39996,32471,24017,30678
26866,26303,26260,32848,30284,31788,33802,36453,40021,32734,27852,30924
26623,25716,26265,33238,30620,29932,33978,35894,39430,32675,23824,31815
25334,25352,25944,33880,30974,29041,34274,31224,38719,31165,22281,33473
25049,25979,25022,34585,31111,29211,33977,25213,38983,31863,22403,33637
26617,26622,25688,35063,31378,29781,33904,25486,38700,31366,22858,33863
26142,26623,25518,34983,31563,29763,33385,24974,38823,30844,23133,33284
26146,26664,25556,34943,31678,29830,32876,24834,38988,30493,23208,32931
26329,26938,25523,35100,31665,29755,32768,24765,38903,30415,23337,32675
26544,27076,25567,35204,31748,30071,32645,24951,38364,30240,23113,32433
26080,27255,25726,35353,31834,30167,32562,25042,38091,30016,23170,32300
26067,27404,25889,35518,31903,30177,32627,25092,38082,30079,22920,32170
26167,27432,25926,35631,32090,30079,32682,25100,38074,30021,22787,32021
26294,27390,26003,35581,31777,29733,33079,25107,37615,30662,22520,31717
27010,26807,25602,35015,31577,29740,32800,27647,37710,31132,22495,31338
26874,26443,25447,34534,30921,31527,33067,33403,38426,31761,22945,30176
26115,25821,25639,33502,30934,31866,33295,34928,39458,31617,22958,29885
26338,25730,25800,33464,30880,31944,33544,36644,39842,31872,22536,29857
26340,25766,25802,33371,30893,31877,33849,36951,39880,31880,22525,29991
26045,25835,25983,33296,30855,31883,33867,37308,39845,31900,22716,30046
26186,25866,25950,33100,30785,31871,33730,37330,39754,31988,23121,30195
26515,25892,25689,33148,30555,31809,33568,37336,39529,32015,23552,30365
26645,26007,25492,33381,30442,31874,33651,37307,39430,32092,23697,30441
26693,26021,25386,33356,30353,31704,33723,37224,39232,32293,23864,30764
26585,25899,25345,33222,30530,30269,34008,37384,38777,32355,22280,31532
26047,25537,25616,33890,31194,29345,34414,32164,38960,31605,22096,32352
25426,26059,25779,34305,31289,29244,34379,28261,38798,31164,22144,33644
26410,26404,26097,34785,30706,30275,33476,25365,38198,31543,22979,33656
27331,26956,26071,35085,31266,30477,33180,24558,38898,31107,23195,33463
26369,27198,26058,35182,31637,30343,32984,24397,38631,30654,23211,32924
26486,27305,26013,35283,31663,31013,32900,24303,38285,30711,22687,32848
27040,27410,26058,35384,32367,31012,32714,24427,38237,30409,22913,32735
27273,27589,26075,35315,31737,31139,32936,25038,37858,30180,23300,32714
27574,27664,26080,35410,32253,31227,33385,25534,37368,30132,23204,32366
27747,27451,26754,35372,31925,30926,33787,25314,37124,30202,22485,31679
26895,26894,26806,34385,31640,30502,33389,27514,39245,31552,21291,31075
26800,26443,25716,34685,30712,31889,32887,31008,38854,31690,22708,30176
26574,25975,25822,33466,30655,31993,32821,30220,39942,31655,22555,30102
26510,25936,25843,33716,30952,31983,33284,34072,39374,31736,22215,30191
26475,26047,26117,33631,30975,32147,33522,34771,39565,31870,22241,30248
26460,26132,26296,33540,30974,32282,33585,35110,39648,31876,22343,30268
26465,26186,26390,33493,30939,32310,33630,35703,39865,31963,22585,30307
26445,26279,26575,33353,30830,32223,33485,36176,40051,32039,22929,30301
26069,26384,26648,33152,30615,32098,33393,36334,40129,32041,23060,30232
26046,26456,26666,33037,30452,32066,33231,36714,40035,32042,23913,30200
26906,26551,25854,32731,30219,31970,32996,36920,39796,32194,24236,30300
27042,26556,25525,32795,30266,31960,33042,36960,39855,32213,24717,30551
27119,26489,25409,32845,30295,31237,33361,36979,39970,32146,24496,30924
26696,25982,25129,33049,30653,29840,33893,33748,39326,31245,23799,31593
25652,25657,25000,34134,31140,28764,34070,31874,39320,30750,22743,32889
25616,26069,24973,34443,30671,28715,34378,27093,39339,31179,21795,33439
26215,26645,25230,34571,31419,29661,34010,25646,38800,30720,22086,33094
26354,26865,25421,34733,31397,29862,33769,25344,38712,30544,22222,32756
26049,26746,25361,34664,31589,30208,33116,25445,38889,30258,23425,32403
26042,26748,25305,34742,31482,30166,32775,25356,38796,30189,23682,32383
25878,27225,25838,35141,31451,30350,32842,25336,38307,30013,22905,32411
25901,27381,25950,35245,31618,30411,32924,25425,37916,29940,22982,32129
25952,27477,26037,35331,31685,30298,32904,25625,37793,29759,23083,31913
26146,27226,25864,35089,31572,30347,33005,25723,37584,30147,22777,31621
26183,26666,25298,34084,32028,30170,32601,26310,39236,31661,22787,31264
26256,25826,25476,33202,30773,31880,32644,29583,39196,31985,22442,30878
26333,25890,25705,33401,30696,32133,32987,34745,39090,32435,22297,30319
26325,25982,25919,32950,30776,32255,33520,36627,39847,32484,22119,30294
25784,26045,25860,32858,30698,32258,33605,37232,39832,32537,22340,30323
25935,26119,26100,32960,30674,32238,33572,37426,39845,32572,22998,30574
26066,26126,25942,33393,30609,32092,33523,37453,39765,32552,23498,30749
26720,26226,25753,33768,30489,32050,33624,37408,39643,32686,23771,30807
26867,26086,25748,33754,30586,31814,33613,37354,39508,32849,24121,30975
26799,25877,25580,33002,30519,30725,33747,37281,39486,32957,23670,31341
26205,25497,25369,33397,30935,29363,34034,35509,39290,32430,22761,32019
25680,25858,25168,33965,31264,28715,33980,31069,38704,31601,21767,32919
27094,26607,25687,34888,30261,29746,33809,26107,38133,31614,22258,33627
27543,27062,25859,34899,31196,30029,33193,24947,38890,31422,22441,33218
26916,27278,25776,35047,31256,30112,32970,24894,38594,31150,22616,32692
26859,27364,25821,35258,31640,30377,32520,25060,38033,30731,22751,32215
26970,27486,25927,35440,31842,30886,32582,25089,37948,30676,22735,32169
27134,27570,25933,35540,31992,31058,32766,25241,37847,30506,22783,32381
27111,27708,25970,35562,31940,31174,32911,25698,37693,30680,22764,32460
27143,27746,25782,35624,32062,31210,32901,25702,37677,30542,22796,32484
27074,27769,25773,35648,32212,31213,32989,25839,37511,30403,22870,32234
26755,27549,25839,35368,31733,30524,33211,25769,36594,30991,21630,31608
27021,26897,25493,34648,31287,31312,32774,25706,38983,31421,21588,31053
26913,26430,25358,34449,31087,31638,32794,30544,38804,31508,22394,30275
26697,26160,25609,33991,31084,31778,33595,34073,38918,31773,22280,30152
26541,26079,25656,33740,31135,31818,33674,35066,39265,31719,22154,30081
26544,26105,25813,33710,31166,31863,33970,36321,39744,31812,21971,30091
26508,26156,25918,33520,31139,31725,33941,36780,39654,31849,22040,30060
25927,26259,26035,33283,30997,31671,33901,36936,39490,31906,22322,30098
25518,26335,26099,33147,30928,31685,33729,37338,39213,31935,22448,30154
26657,26401,25874,32843,30775,31785,33649,37562,38980,31924,22809,30206
26757,26414,25620,32743,30680,31857,33628,37536,38894,31929,23148,30205
26850,26419,25480,32682,30479,31904,33705,37565,38830,31993,23070,30193
27210,26270,25349,32997,30549,30358,33861,37842,38949,31984,22681,30428
26544,25820,25657,34040,30955,29590,33980,33974,39073,31046,21984,31919
26161,26078,25572,34384,31305,29103,34189,27846,38687,31597,22294,33330
26551,26530,25683,34781,30778,29883,33602,25361,38496,31736,22571,33623
27267,27054,25792,34937,31101,29878,33460,25268,38460,30833,22962,33053
27076,27179,25798,34980,31753,30035,32994,25195,38087,30289,23130,32162
27171,27203,25760,35059,31603,30820,32523,25242,38081,30535,23029,32107
27400,27312,25861,35066,31420,30681,32555,25193,37929,30327,23020,31852
27185,27234,26015,35093,31436,31010,32414,25578,37963,30434,22488,31561
27166,26952,26576,34982,31673,30808,32146,25343,37995,30631,22664,31348
25681,26513,25735,34503,31503,31190,31985,25332,39325,31068,22523,31261
25359,26134,25445,34024,31270,32073,32820,32740,39259,32090,22079,30020
25280,25886,25680,33363,30895,32365,33592,35413,39522,32468,22274,29837
25299,25835,25951,33355,30920,32532,33697,36708,40069,32493,22336,29855
25297,25823,26206,33189,30867,32610,33672,36832,40118,32412,22725,29995
25719,25804,26578,33060,30818,32612,33485,36970,40118,32409,23004,30052
25864,25829,26741,33013,30735,32614,33421,37068,40185,32460,23838,30237
25853,25859,26951,33139,30647,32664,33568,37036,40295,32556,24133,30662
26409,25877,26932,33159,30677,31808,33556,36515,40364,32728,27609,31017
26090,25473,26375,33434,30804,30913,33705,34116,39537,31850,22259,32259
25766,25437,25626,33978,31382,29122,33820,27666,39001,30916,21903,33097
27220,26612,25928,34750,30671,30110,33597,25390,38769,31636,21956,33660
27646,26875,26062,35010,31350,30339,33470,24972,38406,31062,22121,33212
27476,27138,26111,35048,31554,30463,33400,24945,38159,30762,22314,33124
27097,27264,25872,35157,31605,30980,33307,24824,38005,30726,22160,32851
27088,27391,25778,35139,31396,31129,32839,24831,37733,30481,22219,32137
27386,27400,25905,35214,31553,30986,32744,25010,37528,30208,22242,31895
27045,27515,25885,35442,32021,31099,32750,25358,37472,30134,22143,31816
27018,27574,25962,35407,31887,31125,32843,24908,37396,30272,21872,31754
27100,27543,26189,35326,31914,30838,33133,25139,36775,30819,21835,31499
26068,26841,25784,35140,32967,30545,32827,26710,36731,30796,23026,31092
26612,26435,25535,34169,30825,31383,32810,30039,38254,31868,22726,30581
26552,25989,25518,33773,31073,31679,33116,34622,39001,31932,22728,30104
26272,25842,25721,33377,30997,31773,33383,36107,39525,32089,22598,30050
26248,25826,25796,33201,30891,31919,33597,36870,39505,32160,22812,30095
26219,25843,25946,33102,30962,31946,33514,37345,39407,32167,23013,30130
26172,25942,26091,32954,30950,31907,33455,37371,39276,32150,23252,30208
26161,26004,26138,32962,30776,31861,33315,37412,39172,32155,23628,30264
25948,26123,26139,33305,30688,31858,33242,37458,39111,32163,23721,30303
26329,26211,26026,33725,30674,31858,33190,37449,38986,32190,24350,30511
26405,26211,25951,33797,30757,31594,33145,37443,39048,32167,24488,30837
26499,26023,25563,33572,30805,30707,33408,37384,38761,32127,24124,30862
26209,25542,25331,33484,30860,30256,33714,36676,38868,31189,22349,31609
26073,25616,25325,33830,31320,29195,34067,32007,38531,30855,22316,32804
25998,26202,25422,34564,30716,29649,33511,25841,38577,30798,22158,33133
26366,26577,25575,34755,31086,30094,33397,25669,38735,30885,23036,33231
26290,26606,25470,34862,31220,30444,32989,25184,39005,30704,23451,32925
26492,26830,25694,34890,31257,30219,32738,25112,38844,30542,23487,32757
26985,27224,25881,35008,31637,30274,32699,24910,38252,30150,23296,32524
27003,27344,25839,35260,31785,30835,32833,25030,38067,30000,23401,32422
27068,27577,25860,35418,31945,30956,33006,25512,37900,29970,23500,32301
27085,27629,25903,35501,32376,30870,32976,25524,37776,29911,23417,32012
27092,27618,25857,35486,32135,30673,33230,25653,37409,30114,22957,31735
26772,27396,26356,35293,31790,29900,33307,25525,37142,30324,22515,31378
26708,26698,26542,34997,31939,30415,32694,26982,38840,30976,21810,30776
26631,26358,25573,34371,31066,31358,33271,31002,37805,31328,22120,30083
26774,26211,25753,33905,31025,31647,33865,33192,38010,31465,21926,30116
26541,26039,25902,33750,31165,31770,33969,36236,38757,31623,21902,30098
26505,26024,26040,33527,31226,31944,34118,36910,38916,31769,22098,30154
26450,26071,26170,33361,31176,31940,34101,37120,38890,31771,22241,30188
25846,26114,26147,33265,31092,31920,33947,37128,38950,31689,22436,30188
25588,26231,26196,33102,30934,31923,33777,37190,38857,31666,22713,30246
25923,26328,26264,32947,30782,31971,33718,37200,38797,31717,22772,30280
26694,26409,26242,32854,30699,32000,33546,37361,38775,31761,23330,30189
26697,26412,25690,32738,30521,31977,33465,37382,39027,31772,23675,30203
26567,26022,25461,33071,30815,30437,33370,37344,39325,31600,23856,31012
26316,25658,25612,33605,31159,29640,33860,32334,38962,30480,22336,32404
25722,25845,25224,34371,30935,29165,33694,25614,38470,31520,21925,32746
26394,26422,25544,34760,31541,29767,33769,26028,38184,30722,22209,33073
26454,26458,25496,34663,31418,29964,33400,24987,38244,30420,22739,32690
26368,26565,25504,34724,31456,30128,32698,25037,38403,30245,23051,32559
26708,26824,25461,34993,31625,30497,32567,25171,38331,30108,23158,32255
26840,26998,25616,35084,31628,30663,32538,25343,37828,29861,22928,32063
26912,27276,25743,35250,31658,30895,32810,25460,37583,29959,22738,32010
26929,27324,25790,35437,31828,30905,32725,25425,37665,29796,22750,32042
26947,27379,25835,35391,31775,30893,32965,25638,37308,30045,22809,31845
26941,27298,26076,35246,31855,29900,33063,25083,36546,30088,22820,31419
26647,26630,25521,34519,31759,30280,32550,29059,38319,30512,22161,31154
26195,26335,25362,34363,30907,31473,32688,30161,37765,31598,22428,30295
26106,26167,25588,33879,30988,31808,33330,33568,37938,31666,22050,30231
26439,26170,25846,33755,31043,31933,33636,34812,38391,31740,21823,30088
26581,26235,25997,33741,31110,32166,33944,35196,38707,31856,21837,30135
26582,26272,26230,33672,31086,32315,33923,35504,38701,31861,21948,30167
26127,26322,26370,33569,31033,32290,33831,35576,38767,31833,22278,30126
25937,26352,26522,33366,30887,32240,33538,35736,38983,31777,22904,30072
25835,26420,26393,33344,30803,32243,33393,34830,39155,31715,23102,30044
26740,26457,25479,33347,30748,32277,33294,34362,39165,31770,23325,30105
27120,26441,25323,33557,30861,31671,33508,33882,39154,31456,22690,30900
26925,25922,25673,33855,31129,29692,33560,31515,39812,30959,23374,31267
26949,26518,25687,34164,31155,29064,33841,29226,39085,30620,22477,32394
27330,27025,25700,34945,31059,30558,33671,26024,38437,30309,22160,32751
26735,27316,25747,35143,31290,30809,33510,25435,38339,30243,22310,32711
26499,27329,25720,35135,31268,31033,33244,25118,38160,30066,22620,32479
26309,27326,25715,35185,31492,31076,32499,24817,38547,30302,22990,31888
26580,26873,25403,35052,31780,31230,31903,24739,39124,30503,23447,31689
26632,26911,25399,35073,31376,31064,32069,24687,39178,30442,22746,31718
26683,26952,25570,35156,31453,30724,32180,24585,38880,30445,22477,31599
26510,26817,25604,34887,31171,30938,32192,24563,38800,30770,22839,31393
25878,26155,24777,33894,31600,31024,31301,26750,40589,32418,24975,30734
25643,25894,24978,33189,30644,32110,32356,30411,39056,32642,22944,30581
25585,25865,25047,33100,30530,32241,32815,35229,38940,32947,23077,30081
25609,25922,25180,32994,30591,32374,33329,36265,39602,33063,23076,30160
25559,25924,25310,32872,30566,32449,33280,36672,39588,33088,23639,30157
26097,25970,25309,32855,30527,32465,33150,36805,39625,33100,23909,30402
26489,25959,25177,32791,30421,32438,33158,36813,39751,33111,23959,30446
26521,26022,24752,32934,30289,32398,33401,36888,39829,33240,23615,30520
26775,26019,24442,33568,30618,32208,33473,36490,40041,33248,23246,30852
26624,25797,24632,33870,30984,29921,33312,32477,39922,31540,23052,32062
25945,26036,24876,34395,31209,29054,33395,26896,39306,31611,22425,32598
26759,26859,24905,34807,31244,29959,33275,25553,39205,31134,22057,33138
26551,26871,24807,34794,31365,30456,32989,25103,39204,31151,22523,33016
26323,26822,24835,34835,31337,30612,32718,24990,39442,30948,22865,32856
26223,26986,24773,34965,31451,30763,32616,25013,39356,30661,23052,32610
26324,27171,24800,35066,31450,31084,32366,24783,39120,30537,22858,32393
26183,27255,24941,35174,31570,31051,32192,24729,39130,30311,22798,32220
26409,27139,25038,35137,31486,31016,32022,24838,38959,30299,22888,31906
26346,27085,25175,35014,31409,31014,31995,24564,39259,30584,22627,31638
25589,26108,24782,34453,31582,31519,31230,30772,40645,31817,25507,31077
25674,25685,25075,33860,30451,31971,32318,32408,39595,32695,22645,30671
25499,25770,25112,33008,30490,32095,33270,36849,39718,32900,22621,30045
25381,25787,25268,32805,30558,32221,33491,36645,39834,32994,22640,30059
25482,25833,25665,32953,30587,32397,33575,36777,39924,33060,26373,30250
25530,25792,25759,33210,30667,32402,33374,37002,39747,32908,23473,30277
25515,25749,25792,33456,30479,32325,33321,36980,39723,32940,23778,30415
25741,25842,26030,33681,30425,32360,33393,36950,39843,32946,24060,30726
25871,25888,25876,33745,30346,32260,33454,37059,39930,32910,24148,30904
26104,25864,25380,33213,30461,31245,33333,36994,39885,32896,23899,31146
25453,25475,25226,33500,30699,30447,33436,33341,40078,31421,22550,32567
25140,25360,24856,34053,31144,29434,33292,26459,39984,31260,22268,33396
25798,26363,25729,34889,31153,31011,33115,24869,39748,31217,22079,33394
25318,26341,26005,34966,31592,31332,33001,24324,39948,31159,22172,33493
25425,26374,25732,34901,31471,31417,32762,24253,40027,30988,22703,33171
24914,26010,25906,34682,31463,31424,32244,24297,40151,30641,23377,32860
25085,26260,26152,34803,31440,31244,32205,24158,40079,30540,22945,32837
25339,26944,25930,35225,31731,31221,32265,24060,39572,30286,22562,32864
25300,27205,25783,35368,31669,31195,32331,24179,39592,30364,22664,32703
25415,27280,25793,35396,31650,31245,32208,24133,39484,30259,22435,32604
25685,27148,25986,35230,31302,31204,32045,25357,38604,30310,23351,32254
25341,26218,26190,34595,31010,31392,31849,23755,39451,30999,23735,31820
24472,25830,26533,34302,31098,30931,30769,24350,39431,31591,24675,31472
24519,25560,26359,33805,30457,31142,31614,31295,39468,32106,24526,31453
24980,25762,25905,33246,30362,31552,31680,28884,39881,32221,24428,30473
25103,25920,25921,33416,30412,32004,32824,34717,39407,32852,23373,30170
25100,26027,25849,33399,30489,32280,33138,35307,39800,32890,23350,30124
25322,26142,25676,33360,30510,32392,33120,34785,40020,32820,23284,30168
25520,26203,25564,33338,30457,32535,32907,34173,40331,32736,23464,30207
25631,26260,25660,33299,30367,32589,32858,34497,40508,32721,23681,30254
25936,26289,25897,33178,30243,32568,32871,34560,40591,32699,24484,30499
26063,26237,26051,33108,30215,32419,32957,34239,40596,32858,25078,31123
25842,25823,26058,33287,30432,30600,33196,33008,39968,31066,24825,31840
25269,25404,25004,33925,30678,29875,33194,29404,39926,30656,23155,33054
25105,25648,24678,34271,30880,29469,33336,25437,39813,31654,22435,33736
26031,26449,24934,34628,31304,30585,33087,25277,39360,31393,22618,33378
25916,26765,25136,34746,31197,30718,33065,25107,39065,30809,22743,32878
26012,26926,25147,34910,31203,30995,32851,24820,38956,30805,22679,32690
26222,27055,24963,34929,31084,31076,32257,25074,38718,30580,22861,32306
25620,27040,25592,35231,31420,30995,32065,24862,38470,30099,23264,31981
25049,26905,25992,35010,31191,31050,31954,26318,37933,30296,23461,31832
24957,26759,25751,34951,31060,31174,31951,25442,38266,30344,23317,31886
24954,26484,25980,34891,31444,31185,31778,26211,37756,30676,23869,31527
24488,25855,25973,33940,31257,30716,31335,25246,39714,31765,22783,31455
25828,25994,25276,34257,30658,30938,32184,28306,39087,31947,22511,31067
26121,26191,24961,34255,30900,30593,32780,30736,38758,32505,22793,30379
26054,26139,24796,33853,30687,30769,33384,36525,39194,32787,22487,30111
26487,26413,24641,33835,30763,31265,33532,36538,39001,33040,22444,30182
27544,26643,24805,33872,30853,31455,33498,36726,38308,33305,23352,30314
28175,26686,25950,33809,30790,31257,33250,37167,37325,33641,24047,30347
29010,26688,26073,33294,30522,30554,33090,37562,37096,33755,24118,30312
27535,26749,25896,33046,30487,30744,33028,37952,37185,33831,24356,30307
28336,26756,25292,32619,30411,31400,32964,38176,37586,33820,24511,30313
27997,26654,24806,32265,30307,31821,32996,37903,37964,33830,24559,30251
27593,26604,24420,32167,30309,31924,32993,37878,38667,33791,24826,30233
27469,26583,24247,32099,30231,32011,32914,37860,38701,33687,25189,30190
27276,26468,23998,32097,30164,32009,32877,37738,38667,33508,25057,30189
26882,26324,23901,32243,30153,31625,33106,37608,38002,32993,24017,31092
26422,25875,24114,33241,30528,30135,33852,33478,38826,32124,22936,31739
25825,25881,24150,34138,30418,29758,33683,32122,39235,31876,22865,32470
26310,26299,24208,34478,30549,30175,33104,30298,39637,31740,23403,32973
25988,26899,24565,35050,30918,30240,32886,27661,39999,31300,23338,32928
25500,27014,24579,35097,30903,30315,32775,27376,40015,31305,23426,32764
25383,27033,24541,35185,31412,30826,32396,27960,39629,31053,23728,32163
25511,27160,24694,35171,31267,30951,32146,28220,39442,31080,23705,32106
25780,26926,24712,35116,31008,31127,31879,27978,39253,30817,23904,31722
26000,26918,24854,35169,31432,30918,32015,28322,39165,30653,23440,31665
26018,27054,25035,35292,31408,30687,32249,28223,38805,30700,23289,31593
25874,26592,25014,34729,31091,30986,31740,27564,39050,31136,24350,31189
26107,26364,24723,34586,30606,31452,31360,27361,40016,31258,24245,31186
25864,25855,24746,33943,30891,31861,31820,31764,39899,31593,24541,30799
25956,25869,24745,33640,30618,31964,32456,32661,39996,32115,23245,30331
25944,25889,24779,33594,30637,32177,33106,34769,40503,32356,22832,30073
25936,26005,25019,33527,30685,32512,33261,36112,40456,32467,22877,30078
25869,26078,25192,33450,30647,32610,33234,36040,40496,32377,23000,30152
25875,26111,25282,33414,30602,32705,32930,35288,40789,32332,23515,30309
25943,26172,25428,33380,30532,32736,32810,34880,41014,32288,23608,30358
26065,26242,25357,33375,30488,32769,32822,34680,41085,32300,23456,30411
26144,26292,25346,33398,30448,32867,32815,34115,41249,32237,23494,30440
26195,26328,25230,33374,30398,32850,32816,33365,41300,32213,23497,30508
25699,26135,24949,33409,30382,32741,32726,33099,41250,32236,23755,31061
25848,25903,24984,33658,30495,31935,32488,32370,40448,31286,23561,31916
25447,25612,24750,34151,31067,30253,32890,29941,40173,30742,22478,32412
25397,26137,24350,34329,31021,30022,32915,28279,40201,31260,21737,32931
25466,26213,24336,34461,31400,31084,32877,27301,39929,30830,22375,32689
25617,26230,24284,34429,31201,30983,32658,27425,39796,30922,22795,32654
25795,26598,24317,34464,31206,30945,32558,27247,39713,30776,23385,32453
25896,26861,24698,34906,31387,30945,32262,26982,39385,30384,23562,32209
26121,27240,24775,35151,31448,31044,32097,26598,39188,30198,23260,32130
25896,27167,24685,35148,31458,31098,32137,26464,38793,30150,23070,31906
25809,27081,24589,35060,31403,31244,31952,26457,38875,30280,23395,31817
26096,26938,24725,35013,31319,31229,31709,26278,38794,30395,23438,31691
26165,26530,24778,34595,31294,31371,31332,26354,38580,31042,23522,31297
25809,26255,24550,34267,31000,31360,32003,32514,38873,31823,23129,30959
25899,26331,24441,34110,30804,31566,32381,30323,39003,31999,22744,30399
26178,26308,24416,34007,30846,31705,33033,33889,38961,32190,22688,30206
26324,26303,24448,33894,30809,31945,33398,34801,39394,32458,22475,30194
26262,26331,24593,33648,30735,31978,33508,35805,39814,32571,22468,30147
25967,26363,24659,33546,30710,31970,33562,36741,39787,32628,22925,30118
25833,26404,24858,33195,30606,31957,33106,37074,39660,32612,23558,30143
25827,26483,24784,32966,30510,31894,32919,37180,39590,32630,23908,30242
25859,26532,24781,32923,30458,31854,32830,37248,39543,32654,24292,30359
26046,26577,24814,32868,30424,31774,32654,37338,39574,32667,24599,30460
26270,26520,24653,32774,30398,31730,32630,37356,39603,32675,25734,30673
26340,26480,24480,32761,30451,31332,32611,37131,39842,32392,24853,30829
26103,26076,24467,33041,30563,30567,32555,33874,39957,31939,24585,31263
25590,25632,24552,33957,30869,30060,32847,33015,39745,31501,22881,32317
25681,25954,24318,34333,30635,29724,32826,27699,39692,31626,22045,32896
26662,26920,24431,34923,31117,31135,32575,26263,39688,31262,22144,32823
26525,26938,24496,34922,31204,31095,32417,26316,39605,31149,22935,32590
26530,27022,24574,34960,31005,30957,32029,26288,39390,31040,23380,32357
26484,27107,24560,35044,31317,30971,31878,26251,38915,30830,23804,32089
26258,26970,24452,34831,31345,31029,31770,26703,38580,30646,23901,31617
26250,26948,24444,34868,31356,31076,31620,26539,38651,30939,24029,31476
25691,26264,24373,34006,31144,31371,31207,26041,39118,31644,25048,31233
25744,25977,24320,34123,30480,31422,31241,27048,40101,31958,23583,30947
25719,25965,24280,34061,30805,31690,32105,30887,39585,32400,23191,30585
25725,25980,24299,33574,30703,31953,32557,33919,39676,32476,23094,30363
25632,25967,24376,33495,30708,32032,32816,34403,40183,32648,22869,30037
25616,25994,24525,33366,30736,32196,33173,35635,40357,32806,22680,29900
25595,26089,24796,33283,30715,32215,33311,36485,40323,32878,22674,29938
25646,26288,24903,33183,30668,32157,33197,36853,40235,32833,23338,29995
25648,26372,24895,32985,30425,32031,32832,37245,40150,32886,24196,30138
25842,26439,25187,32813,30363,32033,32692,37307,40126,32886,24457,30200
26040,26443,25325,32828,30360,32047,32733,37349,40164,32933,24689,30385
26239,26449,25273,32945,30347,32064,32772,37235,40212,32876,28141,30720
26533,26453,25198,33035,30326,31909,32981,37282,40378,32910,28264,30798
26532,25990,24894,33021,30324,31110,32902,35673,39860,32601,24628,31570
26526,25755,24492,33799,30720,29124,33292,33562,39410,31174,22698,32637
26400,26235,24221,34416,30972,29748,33301,29952,39502,31203,22112,32824
26188,26279,24108,34380,30934,30050,32923,28174,39536,30880,23470,32742
26095,26086,24188,34149,31137,30895,32550,27985,39613,30717,23948,32617
25822,26048,24339,34162,31056,31298,32123,28156,39610,30564,24122,32278
25810,26076,24404,34132,31018,31407,31969,28133,39682,30605,24195,32445
25733,26049,24508,34218,31000,31362,31978,28286,39488,30574,24127,32380
25842,26309,24623,34437,31126,31138,31994,28172,39382,30524,23969,32239
25995,26473,24640,34606,31233,31090,31971,27521,39262,30482,23735,32139
25646,26476,25045,34776,31280,31274,31636,27393,39750,30851,23933,32101
25253,25911,24638,34290,31110,31337,31800,27112,40175,31295,23149,31558
25350,25882,24267,34028,31097,31485,32637,31765,40010,32201,22496,30491
25550,26135,24404,34063,30883,31656,33888,34692,39377,32568,22002,30415
25332,26284,24645,34101,30844,31708,34150,35461,39745,32699,21572,30355
24964,26215,24908,34032,30908,31586,33895,36862,39769,32712,22443,30274
24405,26214,25785,33539,30870,31544,33410,37462,39466,32835,22973,30360
24240,26187,25823,33205,30627,31481,33273,37481,39116,32738,23983,30369
24392,26165,25717,33047,30535,31437,33039,37707,38912,32757,24592,30446
24951,26153,25382,33060,30250,30461,33064,37786,38767,32763,25071,30541
26665,25948,25612,33323,30081,30009,32974,37639,38619,33115,25751,30737
28649,26142,25994,33333,29538,28835,32863,37612,38682,34395,26139,30984
29637,26314,26476,32900,29618,27244,32826,37834,38389,34956,26213,31124
29649,26458,26443,33421,30053,27059,32737,37168,38466,34463,26083,31157
30081,26642,25991,33917,30526,28113,32259,32130,39669,32786,24796,32028
30511,26951,25491,34962,30708,28215,32690,29277,39209,32333,23581,32270
29662,27162,25451,35139,30820,28051,32958,28981,39108,31928,23255,32575
29351,27191,25472,35252,30996,27953,33127,28813,39048,31871,22921,32579
28378,27271,25315,35401,31143,27962,33045,28748,39042,31853,22985,32634
27499,27290,25093,35410,31234,27964,32865,28676,39115,31669,23412,32545
27385,27293,25053,35473,31342,27925,32397,28953,39115,31301,24246,32493
27726,27473,25020,35537,31326,28359,32711,28890,39020,31345,24492,32523
27470,27465,24826,35580,31913,28369,32735,29109,38561,30949,24708,32235
27145,27379,25017,35358,31032,28667,32712,29650,38043,30758,24685,31851
27149,26600,24579,33738,29699,30072,32450,26907,40046,30846,23520,31238
27030,26503,24184,34649,30554,31547,32834,27223,39995,32265,22643,30396
26886,26434,24085,34050,30455,31670,33021,33995,39236,32239,22867,30034
26763,26396,24170,33856,30520,31689,33377,34865,39484,32378,22750,29960
26576,26441,24185,33774,30596,31711,33354,36387,39394,32430,22844,29891
26704,26475,24377,33697,30558,31753,33150,36820,39373,32517,23343,30004
26757,26536,24157,33481,30332,31649,32976,36902,39280,32532,23609,30018
26991,26560,23959,33360,30170,31395,32915,36749,39241,32409,23961,29889
27029,26593,23818,33203,30072,31134,32875,36726,39156,32472,24200,29867
27004,26607,23972,33167,30070,31210,32877,36661,39211,32473,24412,29858
26891,26602,24022,33155,30065,31205,32802,36323,39525,32268,24300,29847
26705,26435,23907,33201,30191,30755,32376,33406,40306,32157,25070,30232
25878,25904,24462,33416,30431,29774,32399,32753,40396,31725,24703,31287
25553,25727,24341,33594,30593,29089,32942,30645,39372,31637,22555,32356
25947,25978,24154,33908,30524,29687,32969,27695,39243,31378,22661,32522
26468,26396,24386,34185,31001,29828,32877,27638,39225,31203,23004,32155
26474,26493,24430,34277,30943,29818,32570,27661,38910,30904,24016,31802
26563,26641,24557,34581,31003,29866,32372,27290,38869,30820,24149,31808
26773,27075,24851,35001,31210,29961,32460,26588,38780,30731,23380,31893
26895,27219,24807,35132,31431,30111,32408,26541,38440,30618,23428,31754
27428,27374,25081,35127,31386,30703,32486,26333,38003,30574,23060,31696
27472,27291,25082,35015,31294,30672,32608,26203,37879,30715,22519,31283
26821,26966,25017,34401,31179,30449,32108,27081,38253,31162,22768,31062
26557,26596,24222,34640,30810,31484,32702,30226,38592,31552,22577,30470
26666,26520,23842,33955,31107,31434,32776,29450,39239,31884,22124,29990
26668,26466,23834,33882,30745,31521,33376,34464,39165,32071,22075,29815
26745,26460,23764,33730,30624,31587,33792,35467,39824,32238,21831,29838
26744,26360,23779,33602,30655,31605,33784,36012,39746,32367,22065,29874
26740,26341,23795,33384,30525,31552,33496,36755,39513,32563,22570,29855
26804,26259,23565,32849,30262,31363,33231,37206,39241,32628,22871,29856
26814,26165,23491,32601,30149,31057,33097,37348,39100,32762,23927,29892
26788,26022,23672,33451,30226,30250,32923,37523,38956,32846,24985,30112
26726,25842,24191,33595,30370,29923,32620,37238,38881,32811,25393,30291
26535,25691,24200,33590,30329,29764,32678,36964,38959,32830,25276,30691
26428,25584,24074,33235,30372,29310,33305,33601,39294,32127,22236,31799
